filename,age,gender
b00d2b74d389a4e254f9454679e29d02.jpg,45.8,female
b02ea27e26f66850d658f202544d3a74.jpg,35.1,male
b05cc1304a93b4ac4714169340321abc.jpg,28.5,male
b05d0ffcc2f88d3c84af39a4f2c59cab.jpg,24.7,female
b05f34be807a91ce0325cda601bc5856.jpg,31.5,male
b06fbda1097ed2d2583253d8fd8cac8e.jpg,26.2,female
b0c534db60b670b986e59d47964e85e1.jpg,16.1,female
b0d41c9bc9bf0d0d73306a30116498cc.jpg,21.6,female
b0d456bd85111f1e922fb9bbb0b18fc9.jpg,22.2,female
b0d744ab6477efb61412db9f2f487120.jpg,33.4,male
b0d8f364b301464bd338defbc9505e4d.jpg,32.3,male
b0e9c2c41eb935c82882b36e7f1e40c6.jpg,25.9,female
b0f3145a22d57c416d879f38ba2bf471.jpg,22.8,female
b0fd1ca4a641bb43c8480259aa49b226.jpg,26.4,female
b0fd6996a1b082e7bf5ec46e87765ac3.jpg,25.9,female
b0ffb9a5318edaf863b309bf00c2874b.jpg,24.5,female
b1a26ded2cfb85ffdc9baa298ad8f07a.jpg,24.0,female
b1a70d30eff3388620591bf97379e628.jpg,69.4,female
b1adc8ed2bc65bcf2fb62cff80e2ed2a.jpg,25.9,male
b1afc3442bb0bc8183049400de9cabc4.jpg,24.7,female
b1afd5e040bade4b990aebcd376ff4d3.jpg,26.8,female
b1b859bea57e71cf407a483b356214e4.jpg,0.6,male
b1b8f6a3aa980d3d740c0411d0f3915f.jpg,52.9,male
b1c04465268efbeebefd05961638d556.jpg,34.5,male
b1dd10ea8308e50f50ce3aea19db1d76.jpg,36.3,male
b1f04238ff5e4ec1e09fc2ec780a14fe.jpg,36.8,male
b1f46dd74ec49994228bfbe32b37e3d3.jpg,20.4,female
b2a05f30f991a0c6852a041cd4d8f170.jpg,32.9,male
b2c77b695ab9c47ceee43f9cb0d871d0.jpg,22.1,female
b2caf2bc7ec6d38a1f5bc8e3c5477f51.jpg,23.6,female
b2de9c42979a597095271cfee2bedfc5.jpg,24.7,female
b2ded38a74f6b705ba9eb149606d0819.jpg,37.2,female
b3a3eeaf993eceeed975370f4c906a02.jpg,45.8,female
b3bc9daeda74d82440aed8007e9674a8.jpg,2.2,female
b3bdf18328d5c19d223fda8f120977e9.jpg,31.5,male
b3d95a10900d84b5f9640475418dd21c.jpg,33.0,male
b3e3e4d9da8ecf263936bf388e010b25.jpg,27.3,male
b3e836403e70b2024a4f6cac9474f3a3.jpg,14.8,female
b3f5d8bca02056200535a28b7e330e3a.jpg,33.3,male
b3f945f508e26b5341d4b5fea1c537c2.jpg,30.4,female
b3fafed766d54c1154cd714cfe4af175.jpg,39.7,female
b3fc857e883c1ab9039a26d0cc0d1edc.jpg,31.0,male
b4b898afa6447bc978203884c4d23e92.jpg,21.2,female
b4d516611aa81529c03d9edb0e6689f5.jpg,31.6,male
b4d63195de607fde6364a4bafdcc11d3.jpg,36.7,male
b4de53c05fdebbdb9087f082e947704c.jpg,69.2,female
b4fc802039d20dff0691a3965edb20e6.jpg,21.4,female
b5a30b0a2f39e5bc705d46f9e584c6ce.jpg,26.7,female
b5a34af958496468c9de7490b4632b3d.jpg,29.1,male
b5a3c3123221de252309ad90dd364583.jpg,26.9,male
b5a67108e1570045e3bf84f2c918c5e3.jpg,47.4,male
b5ad5c724af461a5c21b095036471b09.jpg,15.9,male
b5b7aaba8f735593ab2f0addf0e546d6.jpg,22.6,female
b5b8066c4c91704ded8bce494d4e0630.jpg,19.8,female
b5c30451cccaefb64714db9f611d0abf.jpg,31.5,female
b5d43e224cd58add6f445bc639ffec49.jpg,22.3,female
b5da502e48f2360f5d44f56b535751db.jpg,21.8,female
b5dbd7001a42cc31e5c881b07bc3cc33.jpg,33.3,male
b5df3f05900196f00da0cbb730523a46.jpg,36.2,male
b5e4b21c9f2d84a891f034da07fe8271.jpg,49.3,male
b5e7e6b89baa4e960098e1bc61ad2b29.jpg,25.8,female
b5eb64b2cf9832535256ffa42700adb1.jpg,27.8,male
b5fdc91804a762864a4b3c2c0be760f2.jpg,22.5,female
b6a423c01da2cf0b1cdffa011f2ac0cd.jpg,28.2,male
b6b826b019b5ebd4fca9af1f77bac8b5.jpg,44.1,female
b6c14d3f4a752ec17959fc03c4601453.jpg,39.9,male
b6d95a3fa53d7b7762b3fc2bbd83547e.jpg,36.6,female
b6ddba80516d6bedb7814eb373955608.jpg,14.8,female
b6e154c2ecdd5e91c1e8a528e072ae9f.jpg,26.3,male
b6ea606b80615af05475d90c8d2aedd2.jpg,25.5,male
b6f45c937287203396fc2ff0d765f131.jpg,31.7,male
b7ab05c0672016630250de4d70112e2d.jpg,28.2,female
b7ba5e4c1a63c95e2727f51f6fb72495.jpg,24.3,female
b7c01b50be58e16845dacd6746dd4f41.jpg,48.7,female
b7d3724d0dcf0ac41fac43a172653175.jpg,22.1,female
b7d6ca71c27ef4382e7e2cb57f4ce0b7.jpg,27.9,female
b7fbbaa3f398f5a2d96abac71d354777.jpg,42.0,male
